<?xml version="1.0" encoding="UTF-8" standalone="yes"?>
<addon id="kevwag.github.io" name="Kevwag's Kodi Addons" version="1.0.15" provider-name="kevwag">
    <extension point="xbmc.addon.repository" name="Kevwag's Kodi Addons">
        <dir minversion="18.9.0">
            <info compressed="false">https://raw.githubusercontent.com/kevwag/kevwag.github.io/master/repo/zips/addons.xml</info>
            <checksum>https://raw.githubusercontent.com/kevwag/kevwag.github.io/master/repo/zips/addons.xml.md5</checksum>
            <datadir zip="true">https://raw.githubusercontent.com/kevwag/kevwag.github.io/master/repo/zips/</datadir>
		    <hashes>md5</hashes>
        </dir>
        <dir>
            <info compressed="false">https://raw.githubusercontent.com/warehousecrates/TheWareHouse/main/matrix/zips/addons.xml</info>
            <checksum>https://raw.githubusercontent.com/warehousecrates/TheWareHouse/main/matrix/zips/addons.xml.md5</checksum>
            <datadir zip="true">https://raw.githubusercontent.com/warehousecrates/TheWareHouse/main/matrix/zips/</datadir>
        </dir>
        <dir minversion="18.9.0">
            <info compressed="false">https://raw.githubusercontent.com/Dis90/repository.dis90/matrix/zips/addons.xml</info>
            <checksum>https://raw.githubusercontent.com/Dis90/repository.dis90/matrix/zips/addons.xml.md5</checksum>
            <datadir zip="true">https://raw.githubusercontent.com/Dis90/repository.dis90/matrix/zips/</datadir>
        </dir>
        <dir minversion="18.0" maxversion="18.9.0">
            <info compressed="false">https://raw.githubusercontent.com/Dis90/repository.dis90/master/zips/addons.xml</info>
            <checksum>https://raw.githubusercontent.com/Dis90/repository.dis90/master/zips/addons.xml.md5</checksum>
            <datadir zip="true">https://raw.githubusercontent.com/Dis90/repository.dis90/master/zips/</datadir>
        </dir>
        <dir minversion="17.0.0">
		    <info compressed="false">https://raw.github.com/Catch-up-TV-and-More/repository.catchuptvandmore/master/addons_xmls/beta/addons.xml</info>
		    <checksum>https://raw.github.com/Catch-up-TV-and-More/repository.catchuptvandmore/master/addons_xmls/beta/addons.xml.md5</checksum>
		    <datadir zip="true">https://raw.github.com/Catch-up-TV-and-More/repository.catchuptvandmore/master/zips/beta</datadir>
		    <hashes>md5</hashes>
        </dir>
        <dir>
            <info compressed="false">https://raw.githubusercontent.com/jurialmunkey/repository.jurialmunkey/master/matrix/zips/addons.xml</info>
            <checksum>https://raw.githubusercontent.com/jurialmunkey/repository.jurialmunkey/master/matrix/zips/addons.xml.md5</checksum>
            <datadir zip="true">https://raw.githubusercontent.com/jurialmunkey/repository.jurialmunkey/master/matrix/zips/</datadir>
        </dir>
        <dir minversion="17.0.0">
		    <info compressed="true">https://raw.githubusercontent.com/anontester/kodi-repo/master/addons.xml.gz</info>
		    <checksum>https://raw.githubusercontent.com/anontester/kodi-repo/master/addons.xml.gz.md5</checksum>
		    <datadir zip="true">https://raw.githubusercontent.com/anontester/kodi-repo/master/</datadir>
		    <hashes>md5</hashes>
        </dir>
        <dir minversion="16.0.0" maxversion="18.9.9">
            <info compressed="false">https://raw.githubusercontent.com/thecrewwh/zips/master/_zip/addons.xml</info>
            <checksum>https://raw.githubusercontent.com/thecrewwh/zips/master/_zip/addons.xml.md5</checksum>
            <datadir zip="true">https://raw.githubusercontent.com/thecrewwh/zips/master/_zip</datadir>
        </dir>
        <dir minversion="18.9.9">
            <info compressed="false">https://raw.githubusercontent.com/thecrewwh/zips/master/matrix/_zip/addons.xml</info>
            <checksum>https://raw.githubusercontent.com/thecrewwh/zips/master//matrix/_zip/addons.xml.md5</checksum>
            <datadir zip="true">https://raw.githubusercontent.com/thecrewwh/zips/master//matrix/_zip</datadir>
        </dir>
        <dir>
            <info compressed="false">https://raw.githubusercontent.com/teamuniversal/scrapers/master/_modules4all/zips/addons.xml</info>
            <checksum>https://raw.githubusercontent.com/teamuniversal/scrapers/master/_modules4all/zips/addons.xml.md5</checksum>
            <datadir zip="true">https://raw.githubusercontent.com/teamuniversal/scrapers/master/_modules4all/zips/</datadir>
        </dir>
        <dir>
            <info compressed="false">https://raw.githubusercontent.com/a4k-openproject/repository.openscrapers/master/zips/addons.xml</info>
            <checksum>https://raw.githubusercontent.com/a4k-openproject/repository.openscrapers/master/zips/addons.xml.md5</checksum>
            <datadir zip="true">https://raw.githubusercontent.com/a4k-openproject/repository.openscrapers/master/zips/</datadir>
        </dir>
        <dir>
            <info compressed="false">https://k.slyguy.xyz/.repo/addons.xml</info>
            <checksum>https://k.slyguy.xyz/.repo/addons.xml.md5</checksum>
            <datadir zip="true">https://k.slyguy.xyz/.repo/</datadir>
        </dir>
        <dir>
            <info compressed="false">https://henryjfry.github.io/repository.thenewdiamond/zips/addons.xml</info>
            <checksum>https://henryjfry.github.io/repository.thenewdiamond/zips/addons.xml.md5</checksum>
            <datadir zip="true">https://henryjfry.github.io/repository.thenewdiamond/zips/</datadir>
        </dir>
        <dir>
            <info compressed="false">https://raw.githubusercontent.com/totalrevolution/python-koding/master/zips/addons.xml</info>
            <checksum>https://raw.githubusercontent.com/totalrevolution/python-koding/master/zips/addons.xml.md5</checksum>
            <datadir zip="true">https://raw.githubusercontent.com/totalrevolution/python-koding/master/zips/</datadir>
        </dir>
        <dir>
            <info compressed="false">https://raw.github.com/MetalChris/repository.matrix/master/addons.xml</info>
            <checksum>https://raw.github.com/MetalChris/repository.matrix/master/addons.xml.md5</checksum>
            <datadir zip="true">https://raw.github.com/MetalChris/repository.matrix/master/zips</datadir>
        </dir>
        <dir minversion="18.9.700">
            <info compressed="false">https://raw.githubusercontent.com/kodi-community-addons/repository.marcelveldt/master/matrix/addons.xml</info>
            <checksum>https://raw.githubusercontent.com/kodi-community-addons/repository.marcelveldt/master/matrix/addons.xml.md5</checksum>
            <datadir zip="true">https://raw.githubusercontent.com/kodi-community-addons/repository.marcelveldt/master/matrix/</datadir>
        </dir>
        <dir maxversion="18.9.0">
            <info compressed="false">https://raw.githubusercontent.com/kodi-community-addons/repository.marcelveldt/master/olderversions/addons.xml</info>
            <checksum>https://raw.githubusercontent.com/kodi-community-addons/repository.marcelveldt/master/olderversions/addons.xml.md5</checksum>
            <datadir zip="true">https://raw.githubusercontent.com/kodi-community-addons/repository.marcelveldt/master/olderversions/</datadir>
        </dir>
		<dir maxversion="18.9.0">
			<info>https://raw.githubusercontent.com/rmrector/repository.rector.stuff/python2/addons.xml</info>
			<checksum>https://raw.githubusercontent.com/rmrector/repository.rector.stuff/python2/addons.xml.md5</checksum>
			<datadir zip="true">https://raw.githubusercontent.com/rmrector/repository.rector.stuff/python2/</datadir>
		</dir>
		<dir minversion="18.9.700">
			<info>https://raw.githubusercontent.com/rmrector/repository.rector.stuff/python3/addons.xml</info>
			<checksum>https://raw.githubusercontent.com/rmrector/repository.rector.stuff/python3/addons.xml.md5</checksum>
			<datadir zip="true">https://raw.githubusercontent.com/rmrector/repository.rector.stuff/python3/</datadir>
		</dir>
    </extension>
    <extension point="xbmc.addon.metadata">
        <summary>Kevwag's Kodi Addons</summary>
        <description>Kevwag's Addons for Kodi Matrix and Kodi Nexus</description>
        <disclaimer></disclaimer>
        <platform>all</platform>
        <assets>
            <icon>icon.png</icon>
            <fanart>fanart.jpg</fanart>
        </assets>
    </extension>
</addon>
