<?xml version="1.0" encoding="UTF-8" standalone="yes"?>
<addon id="plugin.video.ted.talks" name="TED Talks" version="5.0.1" provider-name="moreginger, rwparris2, kevwag, kodaksmith">
  <requires>
    <import addon="xbmc.python" version="3.0.0"/>
    <import addon="script.module.requests" version="2.22.0"/>
    <import addon="script.module.html5lib" version="1.0.1+matrix.2"/>
    <import addon="script.module.m3u8" version="0.5.4+matrix.2"/>
  </requires>
  <extension point="xbmc.python.pluginsource" library="default.py">
    <provides>video</provides>
  </extension>
  <extension point="xbmc.addon.metadata">
    <!-- There are subtitles on TED in many languages,
    and this plugin is (partially) internationalized in several,
    but it seems better to claim the one we are sure of for now. -->
    <language>en</language>
    <summary lang="en_GB">Watch talks from TED.com, a site dedicated to 'Ideas Worth Spreading'</summary>
    <summary lang="hu_HU">Beszédek megtekintése a TED.com-ról</summary>
    <summary lang="pt_PT">Veja debates de TED.com, um site dedicado a 'Ideias com Valor'</summary>
    <description lang="en_GB">TED is a nonprofit devoted to spreading ideas, usually in the form of short, powerful talks (18 minutes or less). TED began in 1984 as a conference where Technology, Entertainment and Design converged, and today covers almost all topics — from science to business to global issues — in more than 100 languages. Meanwhile, independently run TEDx events help share ideas in communities around the world.</description>
    <description lang="hu_HU">TED egy kicsi non-profit szervezet aminek célpontjában az Ötlet áll amit érdemes megosztani. A webhely kezdete 1984-re nyúlik vissza egy konferenciára ami 3 külön világot hozott össze: Technológia, Szórakozás, Tervezés. Azóta a kör csak bővült.</description>
    <description lang="pt_PT">TED é uma organização sem fins lucrativos dedicada a 'Ideias com Valor'. Foi iniciada em 1984 como uma conferência que pretendia juntar pessoas de três mundos: Tecnologia, Entretenimento e Design. Desde ai tornou-se muito mais abrangente.</description>
    <platform>all</platform>
    <license>GPL-2.0-or-later</license>
    <news>
v5.0.1
- Requires Kodi 19.x (Matrix) or Kodi 20.x (Nexus)
- Playback uses m3u8, which respects the global bandwidth setting
    </news>
    <forum>https://forum.kodi.tv/showthread.php?tid=36866</forum>
    <website>https://github.com/moreginger/xbmc-plugin.video.ted.talks</website>
    <source>https://github.com/moreginger/xbmc-plugin.video.ted.talks</source>
    <assets>
      <icon>resources/icon.png</icon>
    </assets>
  </extension>
</addon>
