<?xml version="1.0" encoding="UTF-8"?>
<fonts>
	<fontset id="Default" idloc="15109">
		<!-- Normal Fonts -->
		<font>
			<name>font10</name>
			<filename>NotoSans-Regular.ttf</filename>
			<size>23</size>
			<style>lighten</style>
		</font>
		<font>
			<name>font12</name>
			<filename>NotoSans-Regular.ttf</filename>
			<size>25</size>
			<style>lighten</style>
		</font>
		<font>
			<name>font13</name>
			<filename>NotoSans-Regular.ttf</filename>
			<size>30</size>
			<style>lighten</style>
		</font>
		<font>
			<name>font14</name>
			<filename>NotoSans-Regular.ttf</filename>
			<size>33</size>
			<style>lighten</style>
		</font>
		<font>
			<name>font23_narrow</name>
			<filename>NotoSans-Regular.ttf</filename>
			<size>23</size>
			<style>lighten</style>
			<linespacing>0.8</linespacing>
		</font>
		<font>
			<name>font25_narrow</name>
			<filename>NotoSans-Regular.ttf</filename>
			<size>25</size>
			<style>lighten</style>
			<linespacing>0.8</linespacing>
		</font>
		<font>
			<name>font27</name>
			<filename>NotoSans-Regular.ttf</filename>
			<size>27</size>
			<style>lighten</style>
		</font>
		<font>
			<name>font27_narrow</name>
			<filename>NotoSans-Regular.ttf</filename>
			<size>27</size>
			<style>lighten</style>
			<linespacing>0.8</linespacing>
		</font>
		<font>
			<name>font32</name>
			<filename>NotoSans-Regular.ttf</filename>
			<size>32</size>
			<style>lighten</style>
		</font>
		<font>
			<name>font37</name>
			<filename>NotoSans-Regular.ttf</filename>
			<size>37</size>
			<style>lighten</style>
		</font>
		<font>
			<name>font45</name>
			<filename>NotoSans-Regular.ttf</filename>
			<size>45</size>
			<style>lighten</style>
		</font>
		<font>
			<name>font60</name>
			<filename>NotoSans-Regular.ttf</filename>
			<size>60</size>
			<style>lighten</style>
		</font>
		<font>
			<name>font_clock</name>
			<filename>Roboto-Thin.ttf</filename>
			<size>70</size>
		</font>
		<!-- Title Fonts -->
		<font>
			<name>font_flag</name>
			<filename>NotoSans-Regular.ttf</filename>
			<size>18</size>
			<style>bold</style>
		</font>
		<font>
			<name>font20_title</name>
			<filename>NotoSans-Regular.ttf</filename>
			<size>20</size>
			<style>bold</style>
		</font>
		<font>
			<name>font25_title</name>
			<filename>NotoSans-Regular.ttf</filename>
			<size>25</size>
			<style>bold</style>
		</font>
		<font>
			<name>font30_title</name>
			<filename>NotoSans-Regular.ttf</filename>
			<size>30</size>
			<style>bold</style>
		</font>
		<font>
			<name>font32_title</name>
			<filename>NotoSans-Regular.ttf</filename>
			<size>32</size>
			<style>bold</style>
		</font>
		<font>
			<name>font36_title</name>
			<filename>NotoSans-Regular.ttf</filename>
			<size>36</size>
			<style>bold</style>
		</font>
		<font>
			<name>font40_title</name>
			<filename>NotoSans-Regular.ttf</filename>
			<size>40</size>
			<style>bold</style>
		</font>
		<font>
			<name>font45_title</name>
			<filename>NotoSans-Regular.ttf</filename>
			<size>45</size>
			<style>bold</style>
		</font>
		<font>
			<name>font52_title</name>
			<filename>NotoSans-Regular.ttf</filename>
			<size>52</size>
			<style>bold</style>
		</font>
		<font>
			<name>font_MainMenu</name>
			<filename>NotoSans-Regular.ttf</filename>
			<size>60</size>
			<style>bold</style>
		</font>
		<font>
			<name>WeatherTemp</name>
			<aspect>0.85</aspect>
			<filename>NotoSans-Regular.ttf</filename>
			<size>120</size>
			<style>bold</style>
		</font>
		<font>
			<name>Mono26</name>
			<filename>NotoMono-Regular.ttf</filename>
			<size>26</size>
		</font>
	</fontset>
	<fontset id="Arial" idloc="31053">
		<!-- Arial Font better for non English -->
		<font>
			<name>font10</name>
			<filename>arial.ttf</filename>
			<size>18</size>
		</font>
		<font>
			<name>font12</name>
			<filename>arial.ttf</filename>
			<size>22</size>
		</font>
		<font>
			<name>font13</name>
			<filename>arial.ttf</filename>
			<size>27</size>
		</font>
		<font>
			<name>font14</name>
			<filename>arial.ttf</filename>
			<size>30</size>
		</font>
		<font>
			<name>font23_narrow</name>
			<filename>arial.ttf</filename>
			<size>23</size>
			<linespacing>0.8</linespacing>
		</font>
		<font>
			<name>font25_narrow</name>
			<filename>arial.ttf</filename>
			<size>25</size>
			<linespacing>0.8</linespacing>
		</font>
		<font>
			<name>font27</name>
			<filename>arial.ttf</filename>
			<size>27</size>
		</font>
		<font>
			<name>font27_narrow</name>
			<filename>arial.ttf</filename>
			<size>27</size>
			<linespacing>0.8</linespacing>
		</font>
		<font>
			<name>font37</name>
			<filename>arial.ttf</filename>
			<size>37</size>
		</font>
		<font>
			<name>font45</name>
			<filename>arial.ttf</filename>
			<size>45</size>
		</font>
		<font>
			<name>font60</name>
			<filename>arial.ttf</filename>
			<size>60</size>
			<style>lighten</style>
		</font>
		<font>
			<name>font_clock</name>
			<filename>arial.ttf</filename>
			<size>70</size>
			<style>lighten</style>
		</font>
		<!-- Title Fonts -->
		<font>
			<name>font_flag</name>
			<filename>arial.ttf</filename>
			<size>18</size>
		</font>
		<font>
			<name>font20_title</name>
			<filename>arial.ttf</filename>
			<size>20</size>
			<style>bold</style>
		</font>
		<font>
			<name>font25_title</name>
			<filename>arial.ttf</filename>
			<size>25</size>
			<style>bold</style>
		</font>
		<font>
			<name>font30_title</name>
			<filename>arial.ttf</filename>
			<size>30</size>
			<style>bold</style>
		</font>
		<font>
			<name>font32_title</name>
			<filename>arial.ttf</filename>
			<size>32</size>
			<style>bold</style>
		</font>
		<font>
			<name>font36_title</name>
			<filename>arial.ttf</filename>
			<size>36</size>
			<style>bold</style>
		</font>
		<font>
			<name>font45_title</name>
			<filename>arial.ttf</filename>
			<size>45</size>
			<style>bold</style>
		</font>
		<font>
			<name>font52_title</name>
			<filename>arial.ttf</filename>
			<size>52</size>
			<style>bold</style>
		</font>
		<font>
			<name>font_MainMenu</name>
			<filename>arial.ttf</filename>
			<size>52</size>
			<style>bold</style>
		</font>
		<font>
			<name>WeatherTemp</name>
			<aspect>0.75</aspect>
			<filename>arial.ttf</filename>
			<size>120</size>
			<style>bold</style>
		</font>
		<font>
			<name>Mono26</name>
			<filename>arial.ttf</filename>
			<size>26</size>
		</font>
	</fontset>
	<fontset id="RobotoCondensed" idloc="31200" unicode="true">
		<!-- Normal Fonts -->
		<font>
			<name>font10</name>
			<filename>RobotoCondensed-Regular.ttf</filename>
			<size>23</size>
			<style>lighten</style>
		</font>
		<font>
			<name>font12</name>
			<filename>RobotoCondensed-Regular.ttf</filename>
			<size>25</size>
			<style>lighten</style>
		</font>
		<font>
			<name>font13</name>
			<filename>RobotoCondensed-Regular.ttf</filename>
			<size>30</size>
			<style>lighten</style>
		</font>
		<font>
			<name>font14</name>
			<filename>RobotoCondensed-Regular.ttf</filename>
			<size>33</size>
			<style>lighten</style>
		</font>
		<font>
			<name>font23_narrow</name>
			<filename>RobotoCondensed-Regular.ttf</filename>
			<size>23</size>
			<style>lighten</style>
			<linespacing>0.8</linespacing>
		</font>
		<font>
			<name>font25_narrow</name>
			<filename>RobotoCondensed-Regular.ttf</filename>
			<size>25</size>
			<style>lighten</style>
			<linespacing>0.8</linespacing>
		</font>
		<font>
			<name>font27</name>
			<filename>RobotoCondensed-Regular.ttf</filename>
			<size>27</size>
			<style>lighten</style>
		</font>
		<font>
			<name>font27_narrow</name>
			<filename>RobotoCondensed-Regular.ttf</filename>
			<size>27</size>
			<style>lighten</style>
			<linespacing>0.8</linespacing>
		</font>
		<font>
			<name>font37</name>
			<filename>RobotoCondensed-Regular.ttf</filename>
			<size>37</size>
			<style>lighten</style>
		</font>
		<font>
			<name>font45</name>
			<filename>RobotoCondensed-Regular.ttf</filename>
			<size>45</size>
			<style>lighten</style>
		</font>
		<font>
			<name>font60</name>
			<filename>RobotoCondensed-Regular.ttf</filename>
			<size>60</size>
			<style>lighten</style>
		</font>
		<font>
			<name>font_clock</name>
			<filename>RobotoCondensed-Light.ttf</filename>
			<size>70</size>
		</font>
		<!-- Title Fonts -->
		<font>
			<name>font_flag</name>
			<filename>RobotoCondensed-Regular.ttf</filename>
			<size>18</size>
			<style>bold</style>
		</font>
		<font>
			<name>font20_title</name>
			<filename>RobotoCondensed-Regular.ttf</filename>
			<size>20</size>
			<style>bold</style>
		</font>
		<font>
			<name>font25_title</name>
			<filename>RobotoCondensed-Regular.ttf</filename>
			<size>25</size>
			<style>bold</style>
		</font>
		<font>
			<name>font30_title</name>
			<filename>RobotoCondensed-Regular.ttf</filename>
			<size>30</size>
			<style>bold</style>
		</font>
		<font>
			<name>font32_title</name>
			<filename>RobotoCondensed-Regular.ttf</filename>
			<size>32</size>
			<style>bold</style>
		</font>
		<font>
			<name>font36_title</name>
			<filename>RobotoCondensed-Regular.ttf</filename>
			<size>36</size>
			<style>bold</style>
		</font>
		<font>
			<name>font45_title</name>
			<filename>RobotoCondensed-Regular.ttf</filename>
			<size>45</size>
			<style>bold</style>
		</font>
		<font>
			<name>font52_title</name>
			<filename>RobotoCondensed-Regular.ttf</filename>
			<size>52</size>
			<style>bold</style>
		</font>
		<font>
			<name>font_MainMenu</name>
			<filename>RobotoCondensed-Regular.ttf</filename>
			<size>60</size>
			<style>bold</style>
		</font>
		<font>
			<name>WeatherTemp</name>
			<aspect>0.85</aspect>
			<filename>RobotoCondensed-Regular.ttf</filename>
			<size>120</size>
			<style>bold</style>
		</font>
		<font>
			<name>Mono26</name>
			<filename>NotoMono-Regular.ttf</filename>
			<size>26</size>
		</font>
	</fontset>	
	<fontset id="Accidental Presidency" idloc="31202" unicode="true">
		<!-- Normal Fonts -->
		<font>
			<name>font10</name>
			<filename>Accidental-Presidency.ttf</filename>
			<size>28</size>
			<style>lighten</style>
		</font>
		<font>
			<name>font12</name>
			<filename>Accidental-Presidency.ttf</filename>
			<size>39</size>
			<style>lighten</style>
		</font>
		<font>
			<name>font13</name>
			<filename>Accidental-Presidency.ttf</filename>
			<size>36</size>
			<style>lighten</style>
		</font>
		<font>
			<name>font14</name>
			<filename>Accidental-Presidency.ttf</filename>
			<size>40</size>
			<style>lighten</style>
		</font>
		<font>
			<name>font23_narrow</name>
			<filename>Accidental-Presidency.ttf</filename>
			<size>28</size>
			<style>lighten</style>
			<linespacing>0.8</linespacing>
		</font>
		<font>
			<name>font25_narrow</name>
			<filename>Accidental-Presidency.ttf</filename>
			<size>30</size>
			<style>lighten</style>
			<linespacing>0.8</linespacing>
		</font>
		<font>
			<name>font27</name>
			<filename>Accidental-Presidency.ttf</filename>
			<size>32</size>
			<style>lighten</style>
		</font>
		<font>
			<name>font27_narrow</name>
			<filename>Accidental-Presidency.ttf</filename>
			<size>32</size>
			<style>lighten</style>
			<linespacing>0.8</linespacing>
		</font>
		<font>
			<name>font37</name>
			<filename>Accidental-Presidency.ttf</filename>
			<size>45</size>
			<style>lighten</style>
		</font>
		<font>
			<name>font45</name>
			<filename>Accidental-Presidency.ttf</filename>
			<size>54</size>
			<style>lighten</style>
		</font>
		<font>
			<name>font60</name>
			<filename>Accidental-Presidency.ttf</filename>
			<size>72</size>
			<style>lighten</style>
		</font>
		<font>
			<name>font_clock</name>
			<filename>Roboto-Thin.ttf</filename>
			<size>70</size>
		</font>
		<!-- Title Fonts -->
		<font>
			<name>font_flag</name>
			<filename>Accidental-Presidency.ttf</filename>
			<size>22</size>
			<style>bold</style>
		</font>
		<font>
			<name>font20_title</name>
			<filename>Accidental-Presidency.ttf</filename>
			<size>24</size>
			<style>bold</style>
		</font>
		<font>
			<name>font25_title</name>
			<filename>Accidental-Presidency.ttf</filename>
			<size>30</size>
			<style>bold</style>
		</font>
		<font>
			<name>font30_title</name>
			<filename>Accidental-Presidency.ttf</filename>
			<size>36</size>
			<style>bold</style>
		</font>
		<font>
			<name>font32_title</name>
			<filename>Accidental-Presidency.ttf</filename>
			<size>38</size>
			<style>bold</style>
		</font>
		<font>
			<name>font36_title</name>
			<filename>Accidental-Presidency.ttf</filename>
			<size>44</size>
			<style>bold</style>
		</font>
		<font>
			<name>font45_title</name>
			<filename>Accidental-Presidency.ttf</filename>
			<size>54</size>
			<style>bold</style>
		</font>
		<font>
			<name>font52_title</name>
			<filename>Accidental-Presidency.ttf</filename>
			<size>62</size>
			<style>bold</style>
		</font>
		<font>
			<name>font_MainMenu</name>
			<filename>Accidental-Presidency.ttf</filename>
			<size>72</size>
			<style>bold</style>
		</font>
		<font>
			<name>WeatherTemp</name>
			<aspect>0.85</aspect>
			<filename>Accidental-Presidency.ttf</filename>
			<size>120</size>
			<style>bold</style>
		</font>
		<font>
			<name>Mono26</name>
			<filename>Accidental-Presidency.ttf</filename>
			<size>26</size>
		</font>
	</fontset>	
	<fontset id="Arista2" idloc="31203" unicode="true">
		<!-- Normal Fonts -->
		<font>
			<name>font10</name>
			<filename>Arista2.0-Light.ttf</filename>
			<size>30</size>
			<style>bold</style>
		</font>
		<font>
			<name>font12</name>
			<filename>Arista2.0-Light.ttf</filename>
			<size>33</size>
			<style>bold</style>
		</font>
		<font>
			<name>font13</name>
			<filename>Arista2.0-Light.ttf</filename>
			<size>39</size>
			<style>bold</style>
		</font>
		<font>
			<name>font14</name>
			<filename>Arista2.0-Light.ttf</filename>
			<size>43</size>
			<style>bold</style>
		</font>
		<font>
			<name>font23_narrow</name>
			<filename>Arista2.0-Light.ttf</filename>
			<size>30</size>
			<style>bold</style>
			<linespacing>0.8</linespacing>
		</font>
		<font>
			<name>font25_narrow</name>
			<filename>Arista2.0-Light.ttf</filename>
			<size>33</size>
			<style>bold</style>
			<linespacing>0.8</linespacing>
		</font>
		<font>
			<name>font27</name>
			<filename>Arista2.0-Light.ttf</filename>
			<size>35</size>
			<style>bold</style>
		</font>
		<font>
			<name>font27_narrow</name>
			<filename>Arista2.0-Light.ttf</filename>
			<size>35</size>
			<style>bold</style>
			<linespacing>0.8</linespacing>
		</font>
		<font>
			<name>font32</name>
			<filename>Arista2.0-Light.ttf</filename>
			<size>42</size>
			<style>bold</style>
		</font>
		<font>
			<name>font37</name>
			<filename>Arista2.0-Light.ttf</filename>
			<size>48</size>
			<style>bold</style>
		</font>
		<font>
			<name>font45</name>
			<filename>Arista2.0-Light.ttf</filename>
			<size>60</size>
			<style>bold</style>
		</font>
		<font>
			<name>font60</name>
			<filename>Arista2.0-Light.ttf</filename>
			<size>78</size>
			<style>bold</style>
		</font>
		<font>
			<name>font_clock</name>
			<filename>Roboto-Thin.ttf</filename>
			<size>70</size>
		</font>
		<!-- Title Fonts -->
		<font>
			<name>font_flag</name>
			<filename>Arista2.0.ttf</filename>
			<size>24</size>
			<style>lighten</style>
		</font>
		<font>
			<name>font20_title</name>
			<filename>Arista2.0.ttf</filename>
			<size>26</size>
			<style>lighten</style>
		</font>
		<font>
			<name>font25_title</name>
			<filename>Arista2.0.ttf</filename>
			<size>33</size>
			<style>lighten</style>
		</font>
		<font>
			<name>font30_title</name>
			<filename>Arista2.0.ttf</filename>
			<size>39</size>
			<style>lighten</style>
		</font>
		<font>
			<name>font32_title</name>
			<filename>Arista2.0.ttf</filename>
			<size>42</size>
			<style>lighten</style>
		</font>
		<font>
			<name>font36_title</name>
			<filename>Arista2.0.ttf</filename>
			<size>47</size>
			<style>lighten</style>
		</font>
		<font>
			<name>font40_title</name>
			<filename>Arista2.0.ttf</filename>
			<size>52</size>
			<style>lighten</style>
		</font>
		<font>
			<name>font45_title</name>
			<filename>Arista2.0.ttf</filename>
			<size>59</size>
			<style>lighten</style>
		</font>
		<font>
			<name>font52_title</name>
			<filename>Arista2.0.ttf</filename>
			<size>68</size>
			<style>lighten</style>
		</font>
		<font>
			<name>font_MainMenu</name>
			<filename>Arista2.0.ttf</filename>
			<size>78</size>
			<style>lighten</style>
		</font>
		<font>
			<name>WeatherTemp</name>
			<aspect>0.85</aspect>
			<filename>NotoMono-Regular.ttf</filename>
			<size>120</size>
			<style>bold</style>
		</font>
		<font>
			<name>Mono26</name>
			<filename>NotoMono-Regular.ttf</filename>
			<size>26</size>
		</font>	
	</fontset>	
	<fontset id="AudioWide" idloc="31204" unicode="true">
		<!-- Normal Fonts -->
		<font>
			<name>font10</name>
			<filename>Audiowide-Regular.ttf</filename>
			<size>23</size>
			<style>lighten</style>
		</font>
		<font>
			<name>font12</name>
			<filename>Audiowide-Regular.ttf</filename>
			<size>25</size>
			<style>lighten</style>
		</font>
		<font>
			<name>font13</name>
			<filename>Audiowide-Regular.ttf</filename>
			<size>30</size>
			<style>lighten</style>
		</font>
		<font>
			<name>font14</name>
			<filename>Audiowide-Regular.ttf</filename>
			<size>33</size>
			<style>lighten</style>
		</font>
		<font>
			<name>font23_narrow</name>
			<filename>Audiowide-Regular.ttf</filename>
			<size>23</size>
			<style>lighten</style>
			<linespacing>0.8</linespacing>
		</font>
		<font>
			<name>font25_narrow</name>
			<filename>Audiowide-Regular.ttf</filename>
			<size>25</size>
			<style>lighten</style>
			<linespacing>0.8</linespacing>
		</font>
		<font>
			<name>font27</name>
			<filename>Audiowide-Regular.ttf</filename>
			<size>27</size>
			<style>lighten</style>
		</font>
		<font>
			<name>font27_narrow</name>
			<filename>Audiowide-Regular.ttf</filename>
			<size>27</size>
			<style>lighten</style>
			<linespacing>0.8</linespacing>
		</font>
		<font>
			<name>font37</name>
			<filename>Audiowide-Regular.ttf</filename>
			<size>37</size>
			<style>lighten</style>
		</font>
		<font>
			<name>font45</name>
			<filename>Audiowide-Regular.ttf</filename>
			<size>45</size>
			<style>lighten</style>
		</font>
		<font>
			<name>font60</name>
			<filename>Audiowide-Regular.ttf</filename>
			<size>60</size>
			<style>lighten</style>
		</font>
		<font>
			<name>font_clock</name>
			<filename>Roboto-Thin.ttf</filename>
			<size>70</size>
		</font>
		<!-- Title Fonts -->
		<font>
			<name>font_flag</name>
			<filename>Audiowide-Regular.ttf</filename>
			<size>18</size>
			<style>bold</style>
		</font>
		<font>
			<name>font20_title</name>
			<filename>Audiowide-Regular.ttf</filename>
			<size>20</size>
			<style>bold</style>
		</font>
		<font>
			<name>font25_title</name>
			<filename>Audiowide-Regular.ttf</filename>
			<size>25</size>
			<style>bold</style>
		</font>
		<font>
			<name>font30_title</name>
			<filename>Audiowide-Regular.ttf</filename>
			<size>30</size>
			<style>bold</style>
		</font>
		<font>
			<name>font32_title</name>
			<filename>Audiowide-Regular.ttf</filename>
			<size>32</size>
			<style>bold</style>
		</font>
		<font>
			<name>font36_title</name>
			<filename>Audiowide-Regular.ttf</filename>
			<size>36</size>
			<style>bold</style>
		</font>
		<font>
			<name>font45_title</name>
			<filename>Audiowide-Regular.ttf</filename>
			<size>45</size>
			<style>bold</style>
		</font>
		<font>
			<name>font52_title</name>
			<filename>Audiowide-Regular.ttf</filename>
			<size>52</size>
			<style>bold</style>
		</font>
		<font>
			<name>font_MainMenu</name>
			<filename>Audiowide-Regular.ttf</filename>
			<size>60</size>
			<style>bold</style>
		</font>
		<font>
			<name>WeatherTemp</name>
			<aspect>0.85</aspect>
			<filename>Audiowide-Regular.ttf</filename>
			<size>120</size>
			<style>bold</style>
		</font>
		<font>
			<name>Mono26</name>
			<filename>Audiowide-Regular.ttf</filename>
			<size>26</size>
		</font>
	</fontset>	
	<fontset id="Astroletica" idloc="31206">
		<!-- Normal Fonts -->
		<font>
			<name>font10</name>
			<filename>Aristotelica-DemiBold.ttf</filename>
			<size>28</size>
			<style>lighten</style>
		</font>
		<font>
			<name>font12</name>
			<filename>Aristotelica-DemiBold.ttf</filename>
			<size>30</size>
			<style>lighten</style>
		</font>
		<font>
			<name>font13</name>
			<filename>Aristotelica-DemiBold.ttf</filename>
			<size>36</size>
			<style>lighten</style>
		</font>
		<font>
			<name>font14</name>
			<filename>Aristotelica-DemiBold.ttf</filename>
			<size>40</size>
			<style>lighten</style>
		</font>
		<font>
			<name>font23_narrow</name>
			<filename>Aristotelica-DemiBold.ttf</filename>
			<size>28</size>
			<style>lighten</style>
			<linespacing>0.8</linespacing>
		</font>
		<font>
			<name>font25_narrow</name>
			<filename>Aristotelica-DemiBold.ttf</filename>
			<size>30</size>
			<style>lighten</style>
			<linespacing>0.8</linespacing>
		</font>
		<font>
			<name>font27</name>
			<filename>Aristotelica-DemiBold.ttf</filename>
			<size>32</size>
			<style>lighten</style>
		</font>
		<font>
			<name>font27_narrow</name>
			<filename>Aristotelica-DemiBold.ttf</filename>
			<size>32</size>
			<style>lighten</style>
			<linespacing>0.8</linespacing>
		</font>
		<font>
			<name>font32</name>
			<filename>Aristotelica-DemiBold.ttf</filename>
			<size>38</size>
			<style>lighten</style>
		</font>
		<font>
			<name>font37</name>
			<filename>Aristotelica-DemiBold.ttf</filename>
			<size>44</size>
			<style>lighten</style>
		</font>
		<font>
			<name>font45</name>
			<filename>Aristotelica-DemiBold.ttf</filename>
			<size>54</size>
			<style>lighten</style>
		</font>
		<font>
			<name>font60</name>
			<filename>Aristotelica-DemiBold.ttf</filename>
			<size>72</size>
			<style>lighten</style>
		</font>
		<font>
			<name>font_clock</name>
			<filename>Roboto-Thin.ttf</filename>
			<size>70</size>
		</font>
		<!-- Title Fonts -->
		<font>
			<name>font_flag</name>
			<filename>Aristotelica-SmallCaps-Regular.ttf</filename>
			<size>22</size>
			<style>bold</style>
		</font>
		<font>
			<name>font20_title</name>
			<filename>Aristotelica-SmallCaps-Regular.ttf</filename>
			<size>24</size>
			<style>bold</style>
		</font>
		<font>
			<name>font25_title</name>
			<filename>Aristotelica-SmallCaps-Regular.ttf</filename>
			<size>30</size>
			<style>bold</style>
		</font>
		<font>
			<name>font30_title</name>
			<filename>Aristotelica-SmallCaps-Regular.ttf</filename>
			<size>36</size>
			<style>bold</style>
		</font>
		<font>
			<name>font32_title</name>
			<filename>Aristotelica-SmallCaps-Regular.ttf</filename>
			<size>38</size>
			<style>bold</style>
		</font>
		<font>
			<name>font36_title</name>
			<filename>Aristotelica-SmallCaps-Regular.ttf</filename>
			<size>42</size>
			<style>bold</style>
		</font>
		<font>
			<name>font40_title</name>
			<filename>Aristotelica-SmallCaps-Regular.ttf</filename>
			<size>48</size>
			<style>bold</style>
		</font>
		<font>
			<name>font45_title</name>
			<filename>Aristotelica-SmallCaps-Regular.ttf</filename>
			<size>54</size>
			<style>bold</style>
		</font>
		<font>
			<name>font52_title</name>
			<filename>Aristotelica-SmallCaps-Regular.ttf</filename>
			<size>62</size>
			<style>bold</style>
		</font>
		<font>
			<name>font_MainMenu</name>
			<filename>Aristotelica-SmallCaps-Regular.ttf</filename>
			<size>72</size>
			<style>bold</style>
		</font>
		<font>
			<name>WeatherTemp</name>
			<aspect>0.85</aspect>
			<filename>NotoMono-Regular.ttf</filename>
			<size>120</size>
			<style>bold</style>
		</font>
		<font>
			<name>Mono26</name>
			<filename>NotoMono-Regular.ttf</filename>
			<size>26</size>
		</font>
	</fontset>
</fonts>
